code_departement;id_prelevement;parametre_code_siseeaux;code_parametre;nom_parametre;nom_parametre_court;nom_parametre_web;qualite_parametre;analyse_in_situ;qualite_resultat_analyse;unite_code_siseeaux;unite;limite_qualite;reference_qualite;resultat;cas_parametre;reference_analyse;type_fichier;fichier_source;code_insee_commune;nom_commune;quartier;code_reseau;nom_reseau;debut_alimentation;code_reseau_amont;nom_reseau_amont;pourcentage_debit;date_prelevement;heure_prelevement;conclusion_prelevement;uge_lib;distributeur_lib;moa_lib;plv_conformite_bacterio;plv_conformite_chimique;plv_conformite_ref_bact;plv_conformite_ref_chim;source_donnee;ingestion_date;code_reseau_plv;code_insee_commune_plv;date_prelevement_plv;heure_prelevement_plv;conclusion_prelevement_plv;plv_conformite_bacterio_plv;plv_conformite_chimique_plv;uge_lib_plv;distributeur_lib_plv;moa_lib_plv;nom_reseau_com;debut_alimentation_com;record_id;quality_flag;processed_date
1;100143728;ASP;6489.0;ASPECT (QUALITATIF);Aspect (qualitatif);;O;L;Aspect normal;SANS OBJET;X;;;0.0;;100152794.0;RESULTATS;DIS_RESULT_2025.txt;;ANGLEFORT;;nan;nan;;;;;;;nan;;;;;;;;qualite_eau_2025;2026-05-05T10:43:01.019648;1000260;1010;2025-01-30;10h48;Eau d'alimentation conforme aux limites de qualit脙漏 et non conforme aux r脙漏f脙漏rences de qualit脙漏.;C;C;ANGLEFORT;MAIRIE DE ANGLEFORT;MAIRIE DE ANGLEFORT;;;bf84657c;OK;2026-05-06T09:24:10.646520
1;100143728;BSIR;1042.0;BACT. ET SPORES SULFITO-R脡DU./100ML;Bact. et spores sulfito-r脙漏du./100ml;;N;L;<1;n/(100mL);226;;<=0 n/(100mL);0.0;;100152794.0;RESULTATS;DIS_RESULT_2025.txt;;ANGLEFORT;;nan;nan;;;;;;;nan;;;;;;;;qualite_eau_2025;2026-05-05T10:43:01.019648;1000260;1010;2025-01-30;10h48;Eau d'alimentation conforme aux limites de qualit脙漏 et non conforme aux r脙漏f脙漏rences de qualit脙漏.;C;C;ANGLEFORT;MAIRIE DE ANGLEFORT;MAIRIE DE ANGLEFORT;;;75b61ff2;OK;2026-05-06T09:24:10.646520
1;100143728;CDT25;1303.0;CONDUCTIVIT脡 脌 25掳C;Conductivit脙漏 脙聽 25脗掳C;;N;L;332;脗碌S/cm;147;;>=200 et <=1100 脗碌S/cm;332.0;;100152794.0;RESULTATS;DIS_RESULT_2025.txt;;ANGLEFORT;;nan;nan;;;;;;;nan;;;;;;;;qualite_eau_2025;2026-05-05T10:43:01.019648;1000260;1010;2025-01-30;10h48;Eau d'alimentation conforme aux limites de qualit脙漏 et non conforme aux r脙漏f脙漏rences de qualit脙漏.;C;C;ANGLEFORT;MAIRIE DE ANGLEFORT;MAIRIE DE ANGLEFORT;;;1f21faa7;OK;2026-05-06T09:24:10.646520
1;100143728;CL2LIB;1398.0;CHLORE LIBRE;Chlore libre;;N;T;<0,05;mg(Cl2)/L;165;;;0.0;;;RESULTATS;DIS_RESULT_2025.txt;;ANGLEFORT;;nan;nan;;;;;;;nan;;;;;;;;qualite_eau_2025;2026-05-05T10:43:01.019648;1000260;1010;2025-01-30;10h48;Eau d'alimentation conforme aux limites de qualit脙漏 et non conforme aux r脙漏f脙漏rences de qualit脙漏.;C;C;ANGLEFORT;MAIRIE DE ANGLEFORT;MAIRIE DE ANGLEFORT;;;9336c639;OK;2026-05-06T09:24:10.646520
1;100143728;CL2TOT;1399.0;CHLORE TOTAL;Chlore total;;N;T;<0,05;mg(Cl2)/L;165;;;0.0;;;RESULTATS;DIS_RESULT_2025.txt;;ANGLEFORT;;nan;nan;;;;;;;nan;;;;;;;;qualite_eau_2025;2026-05-05T10:43:01.019648;1000260;1010;2025-01-30;10h48;Eau d'alimentation conforme aux limites de qualit脙漏 et non conforme aux r脙漏f脙漏rences de qualit脙漏.;C;C;ANGLEFORT;MAIRIE DE ANGLEFORT;MAIRIE DE ANGLEFORT;;;2d5104e6;OK;2026-05-06T09:24:10.646520
1;100143728;COULF;1309.0;COLORATION;Coloration;;N;L;<5;mg(Pt)/L;178;;<=15 mg(Pt)/L;0.0;;100152794.0;RESULTATS;DIS_RESULT_2025.txt;;ANGLEFORT;;nan;nan;;;;;;;nan;;;;;;;;qualite_eau_2025;2026-05-05T10:43:01.019648;1000260;1010;2025-01-30;10h48;Eau d'alimentation conforme aux limites de qualit脙漏 et non conforme aux r脙漏f脙漏rences de qualit脙漏.;C;C;ANGLEFORT;MAIRIE DE ANGLEFORT;MAIRIE DE ANGLEFORT;;;2806146a;OK;2026-05-06T09:24:10.646520
1;100143728;CTF;1447.0;BACT脡RIES COLIFORMES /100ML-MS;Bact脙漏ries coliformes /100ml-MS;;N;L;2;n/(100mL);226;;<=0 n/(100mL);2.0;;100152794.0;RESULTATS;DIS_RESULT_2025.txt;;ANGLEFORT;;nan;nan;;;;;;;nan;;;;;;;;qualite_eau_2025;2026-05-05T10:43:01.019648;1000260;1010;2025-01-30;10h48;Eau d'alimentation conforme aux limites de qualit脙漏 et non conforme aux r脙漏f脙漏rences de qualit脙漏.;C;C;ANGLEFORT;MAIRIE DE ANGLEFORT;MAIRIE DE ANGLEFORT;;;676ec409;OK;2026-05-06T09:24:10.646520
1;100143728;ECOLI;1449.0;ESCHERICHIA COLI /100ML - MF;Escherichia coli /100ml - MF;;N;L;<1;n/(100mL);226;<=0 n/(100mL);;0.0;;100152794.0;RESULTATS;DIS_RESULT_2025.txt;;ANGLEFORT;;nan;nan;;;;;;;nan;;;;;;;;qualite_eau_2025;2026-05-05T10:43:01.019648;1000260;1010;2025-01-30;10h48;Eau d'alimentation conforme aux limites de qualit脙漏 et non conforme aux r脙漏f脙漏rences de qualit脙漏.;C;C;ANGLEFORT;MAIRIE DE ANGLEFORT;MAIRIE DE ANGLEFORT;;;e259197a;OK;2026-05-06T09:24:10.646520
1;100143728;GT22_68;5440.0;BACT. A脡R. REVIVIFIABLES 脌 22掳-68H;Bact. a脙漏r. revivifiables 脙聽 22脗掳-68h;;N;L;<1;n/mL;222;;;0.0;;100152794.0;RESULTATS;DIS_RESULT_2025.txt;;ANGLEFORT;;nan;nan;;;;;;;nan;;;;;;;;qualite_eau_2025;2026-05-05T10:43:01.019648;1000260;1010;2025-01-30;10h48;Eau d'alimentation conforme aux limites de qualit脙漏 et non conforme aux r脙漏f脙漏rences de qualit脙漏.;C;C;ANGLEFORT;MAIRIE DE ANGLEFORT;MAIRIE DE ANGLEFORT;;;ebdbe898;OK;2026-05-06T09:24:10.646520
1;100143728;GT36_44;5441.0;BACT. A脡R. REVIVIFIABLES 脌 36掳-44H;Bact. a脙漏r. revivifiables 脙聽 36脗掳-44h;;N;L;<1;n/mL;222;;;0.0;;100152794.0;RESULTATS;DIS_RESULT_2025.txt;;ANGLEFORT;;nan;nan;;;;;;;nan;;;;;;;;qualite_eau_2025;2026-05-05T10:43:01.019648;1000260;1010;2025-01-30;10h48;Eau d'alimentation conforme aux limites de qualit脙漏 et non conforme aux r脙漏f脙漏rences de qualit脙漏.;C;C;ANGLEFORT;MAIRIE DE ANGLEFORT;MAIRIE DE ANGLEFORT;;;fc1f38aa;OK;2026-05-06T09:24:10.646520
1;100143728;NH4;1335.0;AMMONIUM (EN NH4);Ammonium (en NH4);;N;L;<0,05;mg/L;162;;<=0,1 mg/L;0.0;14798-03-9;100152794.0;RESULTATS;DIS_RESULT_2025.txt;;ANGLEFORT;;nan;nan;;;;;;;nan;;;;;;;;qualite_eau_2025;2026-05-05T10:43:01.019648;1000260;1010;2025-01-30;10h48;Eau d'alimentation conforme aux limites de qualit脙漏 et non conforme aux r脙漏f脙漏rences de qualit脙漏.;C;C;ANGLEFORT;MAIRIE DE ANGLEFORT;MAIRIE DE ANGLEFORT;;;ab386a8a;OK;2026-05-06T09:24:10.646520
1;100143728;ODQ;5901.0;ODEUR (QUALITATIF);Odeur (qualitatif);;O;L;Aucun changement anormal;SANS OBJET;X;;;0.0;;100152794.0;RESULTATS;DIS_RESULT_2025.txt;;ANGLEFORT;;nan;nan;;;;;;;nan;;;;;;;;qualite_eau_2025;2026-05-05T10:43:01.019648;1000260;1010;2025-01-30;10h48;Eau d'alimentation conforme aux limites de qualit脙漏 et non conforme aux r脙漏f脙漏rences de qualit脙漏.;C;C;ANGLEFORT;MAIRIE DE ANGLEFORT;MAIRIE DE ANGLEFORT;;;80178e5c;OK;2026-05-06T09:24:10.646520
1;100143728;PH;1302.0;PH;pH;;N;T;7,90;unit脙漏 pH;264;;>=6,5 et <=9 unit脙漏 pH;7.9;;;RESULTATS;DIS_RESULT_2025.txt;;ANGLEFORT;;nan;nan;;;;;;;nan;;;;;;;;qualite_eau_2025;2026-05-05T10:43:01.019648;1000260;1010;2025-01-30;10h48;Eau d'alimentation conforme aux limites de qualit脙漏 et non conforme aux r脙漏f脙漏rences de qualit脙漏.;C;C;ANGLEFORT;MAIRIE DE ANGLEFORT;MAIRIE DE ANGLEFORT;;;cb1fd157;OK;2026-05-06T09:24:10.646520
1;100143728;SAVQ;5902.0;SAVEUR (QUALITATIF);Saveur (qualitatif);;O;L;Aucun changement anormal;SANS OBJET;X;;;0.0;;100152794.0;RESULTATS;DIS_RESULT_2025.txt;;ANGLEFORT;;nan;nan;;;;;;;nan;;;;;;;;qualite_eau_2025;2026-05-05T10:43:01.019648;1000260;1010;2025-01-30;10h48;Eau d'alimentation conforme aux limites de qualit脙漏 et non conforme aux r脙漏f脙漏rences de qualit脙漏.;C;C;ANGLEFORT;MAIRIE DE ANGLEFORT;MAIRIE DE ANGLEFORT;;;c9712a95;OK;2026-05-06T09:24:10.646520
1;100143728;STRF;6455.0;ENT脡ROCOQUES /100ML-MS;Ent脙漏rocoques /100ml-MS;;N;L;<1;n/(100mL);226;<=0 n/(100mL);;0.0;;100152794.0;RESULTATS;DIS_RESULT_2025.txt;;ANGLEFORT;;nan;nan;;;;;;;nan;;;;;;;;qualite_eau_2025;2026-05-05T10:43:01.019648;1000260;1010;2025-01-30;10h48;Eau d'alimentation conforme aux limites de qualit脙漏 et non conforme aux r脙漏f脙漏rences de qualit脙漏.;C;C;ANGLEFORT;MAIRIE DE ANGLEFORT;MAIRIE DE ANGLEFORT;;;baa1e8ea;OK;2026-05-06T09:24:10.646520
1;100143728;TEAU;1301.0;TEMP脡RATURE DE L'EAU;Temp脙漏rature de l'eau;;N;T;9,8;脗掳C;27;;<=25 脗掳C;9.8;;;RESULTATS;DIS_RESULT_2025.txt;;ANGLEFORT;;nan;nan;;;;;;;nan;;;;;;;;qualite_eau_2025;2026-05-05T10:43:01.019648;1000260;1010;2025-01-30;10h48;Eau d'alimentation conforme aux limites de qualit脙漏 et non conforme aux r脙漏f脙漏rences de qualit脙漏.;C;C;ANGLEFORT;MAIRIE DE ANGLEFORT;MAIRIE DE ANGLEFORT;;;ea1f4219;OK;2026-05-06T09:24:10.646520
1;100143728;TURBNFU;1295.0;TURBIDIT脡 N脡PH脡LOM脡TRIQUE NFU;Turbidit脙漏 n脙漏ph脙漏lom脙漏trique NFU;;N;L;<0,1;NFU;232;;<=2 NFU;0.0;;100152794.0;RESULTATS;DIS_RESULT_2025.txt;;ANGLEFORT;;nan;nan;;;;;;;nan;;;;;;;;qualite_eau_2025;2026-05-05T10:43:01.019648;1000260;1010;2025-01-30;10h48;Eau d'alimentation conforme aux limites de qualit脙漏 et non conforme aux r脙漏f脙漏rences de qualit脙漏.;C;C;ANGLEFORT;MAIRIE DE ANGLEFORT;MAIRIE DE ANGLEFORT;;;517c1117;OK;2026-05-06T09:24:10.646520
1;100143729;ASP;6489.0;ASPECT (QUALITATIF);Aspect (qualitatif);;O;L;Aspect anormal;SANS OBJET;X;;;1.0;;100152795.0;RESULTATS;DIS_RESULT_2025.txt;;ARANDAS;;nan;nan;;;;;;;nan;;;;;;;;qualite_eau_2025;2026-05-05T10:43:01.019648;1000265;1013;2025-01-29;10h46;Eau d'alimentation conforme aux limites de qualit脙漏 et non conforme aux r脙漏f脙漏rences de qualit脙漏.;C;C;ARANDAS;MAIRIE DE ARANDAS;MAIRIE DE ARANDAS;;;304ba139;OK;2026-05-06T09:24:10.646520
1;100143729;BSIR;1042.0;BACT. ET SPORES SULFITO-R脡DU./100ML;Bact. et spores sulfito-r脙漏du./100ml;;N;L;<1;n/(100mL);226;;<=0 n/(100mL);0.0;;100152795.0;RESULTATS;DIS_RESULT_2025.txt;;ARANDAS;;nan;nan;;;;;;;nan;;;;;;;;qualite_eau_2025;2026-05-05T10:43:01.019648;1000265;1013;2025-01-29;10h46;Eau d'alimentation conforme aux limites de qualit脙漏 et non conforme aux r脙漏f脙漏rences de qualit脙漏.;C;C;ARANDAS;MAIRIE DE ARANDAS;MAIRIE DE ARANDAS;;;2292bff6;OK;2026-05-06T09:24:10.646520
1;100143729;CDT25;1303.0;CONDUCTIVIT脡 脌 25掳C;Conductivit脙漏 脙聽 25脗掳C;;N;L;416;脗碌S/cm;147;;>=200 et <=1100 脗碌S/cm;416.0;;100152795.0;RESULTATS;DIS_RESULT_2025.txt;;ARANDAS;;nan;nan;;;;;;;nan;;;;;;;;qualite_eau_2025;2026-05-05T10:43:01.019648;1000265;1013;2025-01-29;10h46;Eau d'alimentation conforme aux limites de qualit脙漏 et non conforme aux r脙漏f脙漏rences de qualit脙漏.;C;C;ARANDAS;MAIRIE DE ARANDAS;MAIRIE DE ARANDAS;;;49b55c4c;OK;2026-05-06T09:24:10.646520
1;100143729;CL2LIB;1398.0;CHLORE LIBRE;Chlore libre;;N;T;0,17;mg(Cl2)/L;165;;;0.17;;;RESULTATS;DIS_RESULT_2025.txt;;ARANDAS;;nan;nan;;;;;;;nan;;;;;;;;qualite_eau_2025;2026-05-05T10:43:01.019648;1000265;1013;2025-01-29;10h46;Eau d'alimentation conforme aux limites de qualit脙漏 et non conforme aux r脙漏f脙漏rences de qualit脙漏.;C;C;ARANDAS;MAIRIE DE ARANDAS;MAIRIE DE ARANDAS;;;ac859806;OK;2026-05-06T09:24:10.646520
1;100143729;CL2TOT;1399.0;CHLORE TOTAL;Chlore total;;N;T;0,26;mg(Cl2)/L;165;;;0.26;;;RESULTATS;DIS_RESULT_2025.txt;;ARANDAS;;nan;nan;;;;;;;nan;;;;;;;;qualite_eau_2025;2026-05-05T10:43:01.019648;1000265;1013;2025-01-29;10h46;Eau d'alimentation conforme aux limites de qualit脙漏 et non conforme aux r脙漏f脙漏rences de qualit脙漏.;C;C;ARANDAS;MAIRIE DE ARANDAS;MAIRIE DE ARANDAS;;;48b91257;OK;2026-05-06T09:24:10.646520
1;100143729;COULF;1309.0;COLORATION;Coloration;;N;L;10;mg(Pt)/L;178;;<=15 mg(Pt)/L;10.0;;100152795.0;RESULTATS;DIS_RESULT_2025.txt;;ARANDAS;;nan;nan;;;;;;;nan;;;;;;;;qualite_eau_2025;2026-05-05T10:43:01.019648;1000265;1013;2025-01-29;10h46;Eau d'alimentation conforme aux limites de qualit脙漏 et non conforme aux r脙漏f脙漏rences de qualit脙漏.;C;C;ARANDAS;MAIRIE DE ARANDAS;MAIRIE DE ARANDAS;;;5e560c6c;OK;2026-05-06T09:24:10.646520
1;100143729;CTF;1447.0;BACT脡RIES COLIFORMES /100ML-MS;Bact脙漏ries coliformes /100ml-MS;;N;L;<1;n/(100mL);226;;<=0 n/(100mL);0.0;;100152795.0;RESULTATS;DIS_RESULT_2025.txt;;ARANDAS;;nan;nan;;;;;;;nan;;;;;;;;qualite_eau_2025;2026-05-05T10:43:01.019648;1000265;1013;2025-01-29;10h46;Eau d'alimentation conforme aux limites de qualit脙漏 et non conforme aux r脙漏f脙漏rences de qualit脙漏.;C;C;ARANDAS;MAIRIE DE ARANDAS;MAIRIE DE ARANDAS;;;a7b40d5d;OK;2026-05-06T09:24:10.646520
1;100143729;ECOLI;1449.0;ESCHERICHIA COLI /100ML - MF;Escherichia coli /100ml - MF;;N;L;<1;n/(100mL);226;<=0 n/(100mL);;0.0;;100152795.0;RESULTATS;DIS_RESULT_2025.txt;;ARANDAS;;nan;nan;;;;;;;nan;;;;;;;;qualite_eau_2025;2026-05-05T10:43:01.019648;1000265;1013;2025-01-29;10h46;Eau d'alimentation conforme aux limites de qualit脙漏 et non conforme aux r脙漏f脙漏rences de qualit脙漏.;C;C;ARANDAS;MAIRIE DE ARANDAS;MAIRIE DE ARANDAS;;;b1cb6145;OK;2026-05-06T09:24:10.646520
1;100143729;GT22_68;5440.0;BACT. A脡R. REVIVIFIABLES 脌 22掳-68H;Bact. a脙漏r. revivifiables 脙聽 22脗掳-68h;;N;L;78;n/mL;222;;;78.0;;100152795.0;RESULTATS;DIS_RESULT_2025.txt;;ARANDAS;;nan;nan;;;;;;;nan;;;;;;;;qualite_eau_2025;2026-05-05T10:43:01.019648;1000265;1013;2025-01-29;10h46;Eau d'alimentation conforme aux limites de qualit脙漏 et non conforme aux r脙漏f脙漏rences de qualit脙漏.;C;C;ARANDAS;MAIRIE DE ARANDAS;MAIRIE DE ARANDAS;;;b5eda8b7;OK;2026-05-06T09:24:10.646520
1;100143729;GT36_44;5441.0;BACT. A脡R. REVIVIFIABLES 脌 36掳-44H;Bact. a脙漏r. revivifiables 脙聽 36脗掳-44h;;N;L;89;n/mL;222;;;89.0;;100152795.0;RESULTATS;DIS_RESULT_2025.txt;;ARANDAS;;nan;nan;;;;;;;nan;;;;;;;;qualite_eau_2025;2026-05-05T10:43:01.019648;1000265;1013;2025-01-29;10h46;Eau d'alimentation conforme aux limites de qualit脙漏 et non conforme aux r脙漏f脙漏rences de qualit脙漏.;C;C;ARANDAS;MAIRIE DE ARANDAS;MAIRIE DE ARANDAS;;;243d80dd;OK;2026-05-06T09:24:10.646520
1;100143729;NH4;1335.0;AMMONIUM (EN NH4);Ammonium (en NH4);;N;L;<0,05;mg/L;162;;<=0,1 mg/L;0.0;14798-03-9;100152795.0;RESULTATS;DIS_RESULT_2025.txt;;ARANDAS;;nan;nan;;;;;;;nan;;;;;;;;qualite_eau_2025;2026-05-05T10:43:01.019648;1000265;1013;2025-01-29;10h46;Eau d'alimentation conforme aux limites de qualit脙漏 et non conforme aux r脙漏f脙漏rences de qualit脙漏.;C;C;ARANDAS;MAIRIE DE ARANDAS;MAIRIE DE ARANDAS;;;b483b11e;OK;2026-05-06T09:24:10.646520
1;100143729;ODQ;5901.0;ODEUR (QUALITATIF);Odeur (qualitatif);;O;L;Aucun changement anormal;SANS OBJET;X;;;0.0;;100152795.0;RESULTATS;DIS_RESULT_2025.txt;;ARANDAS;;nan;nan;;;;;;;nan;;;;;;;;qualite_eau_2025;2026-05-05T10:43:01.019648;1000265;1013;2025-01-29;10h46;Eau d'alimentation conforme aux limites de qualit脙漏 et non conforme aux r脙漏f脙漏rences de qualit脙漏.;C;C;ARANDAS;MAIRIE DE ARANDAS;MAIRIE DE ARANDAS;;;03640de9;OK;2026-05-06T09:24:10.646520
1;100143729;PH;1302.0;PH;pH;;N;T;7,80;unit脙漏 pH;264;;>=6,5 et <=9 unit脙漏 pH;7.8;;;RESULTATS;DIS_RESULT_2025.txt;;ARANDAS;;nan;nan;;;;;;;nan;;;;;;;;qualite_eau_2025;2026-05-05T10:43:01.019648;1000265;1013;2025-01-29;10h46;Eau d'alimentation conforme aux limites de qualit脙漏 et non conforme aux r脙漏f脙漏rences de qualit脙漏.;C;C;ARANDAS;MAIRIE DE ARANDAS;MAIRIE DE ARANDAS;;;a4558b39;OK;2026-05-06T09:24:10.646520
1;100143729;SAVQ;5902.0;SAVEUR (QUALITATIF);Saveur (qualitatif);;O;L;Aucun changement anormal;SANS OBJET;X;;;0.0;;100152795.0;RESULTATS;DIS_RESULT_2025.txt;;ARANDAS;;nan;nan;;;;;;;nan;;;;;;;;qualite_eau_2025;2026-05-05T10:43:01.019648;1000265;1013;2025-01-29;10h46;Eau d'alimentation conforme aux limites de qualit脙漏 et non conforme aux r脙漏f脙漏rences de qualit脙漏.;C;C;ARANDAS;MAIRIE DE ARANDAS;MAIRIE DE ARANDAS;;;9e3a9f1f;OK;2026-05-06T09:24:10.646520
1;100143729;STRF;6455.0;ENT脡ROCOQUES /100ML-MS;Ent脙漏rocoques /100ml-MS;;N;L;<1;n/(100mL);226;<=0 n/(100mL);;0.0;;100152795.0;RESULTATS;DIS_RESULT_2025.txt;;ARANDAS;;nan;nan;;;;;;;nan;;;;;;;;qualite_eau_2025;2026-05-05T10:43:01.019648;1000265;1013;2025-01-29;10h46;Eau d'alimentation conforme aux limites de qualit脙漏 et non conforme aux r脙漏f脙漏rences de qualit脙漏.;C;C;ARANDAS;MAIRIE DE ARANDAS;MAIRIE DE ARANDAS;;;f661c58c;OK;2026-05-06T09:24:10.646520
1;100143729;TEAU;1301.0;TEMP脡RATURE DE L'EAU;Temp脙漏rature de l'eau;;N;T;9,5;脗掳C;27;;<=25 脗掳C;9.5;;;RESULTATS;DIS_RESULT_2025.txt;;ARANDAS;;nan;nan;;;;;;;nan;;;;;;;;qualite_eau_2025;2026-05-05T10:43:01.019648;1000265;1013;2025-01-29;10h46;Eau d'alimentation conforme aux limites de qualit脙漏 et non conforme aux r脙漏f脙漏rences de qualit脙漏.;C;C;ARANDAS;MAIRIE DE ARANDAS;MAIRIE DE ARANDAS;;;e03c179d;OK;2026-05-06T09:24:10.646520
1;100143729;TURBNFU;1295.0;TURBIDIT脡 N脡PH脡LOM脡TRIQUE NFU;Turbidit脙漏 n脙漏ph脙漏lom脙漏trique NFU;;N;L;11;NFU;232;;<=2 NFU;11.0;;100152795.0;RESULTATS;DIS_RESULT_2025.txt;;ARANDAS;;nan;nan;;;;;;;nan;;;;;;;;qualite_eau_2025;2026-05-05T10:43:01.019648;1000265;1013;2025-01-29;10h46;Eau d'alimentation conforme aux limites de qualit脙漏 et non conforme aux r脙漏f脙漏rences de qualit脙漏.;C;C;ARANDAS;MAIRIE DE ARANDAS;MAIRIE DE ARANDAS;;;8faa350f;OK;2026-05-06T09:24:10.646520
1;100143730;ASP;6489.0;ASPECT (QUALITATIF);Aspect (qualitatif);;O;L;Aspect normal;SANS OBJET;X;;;0.0;;100152796.0;RESULTATS;DIS_RESULT_2025.txt;;ARGIS;;nan;nan;;;;;;;nan;;;;;;;;qualite_eau_2025;2026-05-05T10:43:01.019648;1000272;1017;2025-01-28;10h29;Eau d'alimentation conforme aux exigences de qualit脙漏 en vigueur pour l'ensemble des param脙篓tres mesur脙漏s.;C;C;ARGIS;SOGEDO LYON;MAIRIE DE ARGIS;;;33ed6e08;OK;2026-05-06T09:24:10.646520
1;100143730;BSIR;1042.0;BACT. ET SPORES SULFITO-R脡DU./100ML;Bact. et spores sulfito-r脙漏du./100ml;;N;L;<1;n/(100mL);226;;<=0 n/(100mL);0.0;;100152796.0;RESULTATS;DIS_RESULT_2025.txt;;ARGIS;;nan;nan;;;;;;;nan;;;;;;;;qualite_eau_2025;2026-05-05T10:43:01.019648;1000272;1017;2025-01-28;10h29;Eau d'alimentation conforme aux exigences de qualit脙漏 en vigueur pour l'ensemble des param脙篓tres mesur脙漏s.;C;C;ARGIS;SOGEDO LYON;MAIRIE DE ARGIS;;;5c77ab8d;OK;2026-05-06T09:24:10.646520
1;100143730;CDT25;1303.0;CONDUCTIVIT脡 脌 25掳C;Conductivit脙漏 脙聽 25脗掳C;;N;L;340;脗碌S/cm;147;;>=200 et <=1100 脗碌S/cm;340.0;;100152796.0;RESULTATS;DIS_RESULT_2025.txt;;ARGIS;;nan;nan;;;;;;;nan;;;;;;;;qualite_eau_2025;2026-05-05T10:43:01.019648;1000272;1017;2025-01-28;10h29;Eau d'alimentation conforme aux exigences de qualit脙漏 en vigueur pour l'ensemble des param脙篓tres mesur脙漏s.;C;C;ARGIS;SOGEDO LYON;MAIRIE DE ARGIS;;;6f999a49;OK;2026-05-06T09:24:10.646520
1;100143730;CL2LIB;1398.0;CHLORE LIBRE;Chlore libre;;N;T;0,36;mg(Cl2)/L;165;;;0.36;;;RESULTATS;DIS_RESULT_2025.txt;;ARGIS;;nan;nan;;;;;;;nan;;;;;;;;qualite_eau_2025;2026-05-05T10:43:01.019648;1000272;1017;2025-01-28;10h29;Eau d'alimentation conforme aux exigences de qualit脙漏 en vigueur pour l'ensemble des param脙篓tres mesur脙漏s.;C;C;ARGIS;SOGEDO LYON;MAIRIE DE ARGIS;;;2703ab7d;OK;2026-05-06T09:24:10.646520
1;100143730;CL2TOT;1399.0;CHLORE TOTAL;Chlore total;;N;T;0,40;mg(Cl2)/L;165;;;0.4;;;RESULTATS;DIS_RESULT_2025.txt;;ARGIS;;nan;nan;;;;;;;nan;;;;;;;;qualite_eau_2025;2026-05-05T10:43:01.019648;1000272;1017;2025-01-28;10h29;Eau d'alimentation conforme aux exigences de qualit脙漏 en vigueur pour l'ensemble des param脙篓tres mesur脙漏s.;C;C;ARGIS;SOGEDO LYON;MAIRIE DE ARGIS;;;dca8611d;OK;2026-05-06T09:24:10.646520
1;100143730;COULF;1309.0;COLORATION;Coloration;;N;L;<5;mg(Pt)/L;178;;<=15 mg(Pt)/L;0.0;;100152796.0;RESULTATS;DIS_RESULT_2025.txt;;ARGIS;;nan;nan;;;;;;;nan;;;;;;;;qualite_eau_2025;2026-05-05T10:43:01.019648;1000272;1017;2025-01-28;10h29;Eau d'alimentation conforme aux exigences de qualit脙漏 en vigueur pour l'ensemble des param脙篓tres mesur脙漏s.;C;C;ARGIS;SOGEDO LYON;MAIRIE DE ARGIS;;;7e751e6e;OK;2026-05-06T09:24:10.646520
1;100143730;CTF;1447.0;BACT脡RIES COLIFORMES /100ML-MS;Bact脙漏ries coliformes /100ml-MS;;N;L;<1;n/(100mL);226;;<=0 n/(100mL);0.0;;100152796.0;RESULTATS;DIS_RESULT_2025.txt;;ARGIS;;nan;nan;;;;;;;nan;;;;;;;;qualite_eau_2025;2026-05-05T10:43:01.019648;1000272;1017;2025-01-28;10h29;Eau d'alimentation conforme aux exigences de qualit脙漏 en vigueur pour l'ensemble des param脙篓tres mesur脙漏s.;C;C;ARGIS;SOGEDO LYON;MAIRIE DE ARGIS;;;419c8f0f;OK;2026-05-06T09:24:10.646520
1;100143730;ECOLI;1449.0;ESCHERICHIA COLI /100ML - MF;Escherichia coli /100ml - MF;;N;L;<1;n/(100mL);226;<=0 n/(100mL);;0.0;;100152796.0;RESULTATS;DIS_RESULT_2025.txt;;ARGIS;;nan;nan;;;;;;;nan;;;;;;;;qualite_eau_2025;2026-05-05T10:43:01.019648;1000272;1017;2025-01-28;10h29;Eau d'alimentation conforme aux exigences de qualit脙漏 en vigueur pour l'ensemble des param脙篓tres mesur脙漏s.;C;C;ARGIS;SOGEDO LYON;MAIRIE DE ARGIS;;;aceb268a;OK;2026-05-06T09:24:10.646520
1;100143730;GT22_68;5440.0;BACT. A脡R. REVIVIFIABLES 脌 22掳-68H;Bact. a脙漏r. revivifiables 脙聽 22脗掳-68h;;N;L;<1;n/mL;222;;;0.0;;100152796.0;RESULTATS;DIS_RESULT_2025.txt;;ARGIS;;nan;nan;;;;;;;nan;;;;;;;;qualite_eau_2025;2026-05-05T10:43:01.019648;1000272;1017;2025-01-28;10h29;Eau d'alimentation conforme aux exigences de qualit脙漏 en vigueur pour l'ensemble des param脙篓tres mesur脙漏s.;C;C;ARGIS;SOGEDO LYON;MAIRIE DE ARGIS;;;c203661f;OK;2026-05-06T09:24:10.646520
1;100143730;GT36_44;5441.0;BACT. A脡R. REVIVIFIABLES 脌 36掳-44H;Bact. a脙漏r. revivifiables 脙聽 36脗掳-44h;;N;L;<1;n/mL;222;;;0.0;;100152796.0;RESULTATS;DIS_RESULT_2025.txt;;ARGIS;;nan;nan;;;;;;;nan;;;;;;;;qualite_eau_2025;2026-05-05T10:43:01.019648;1000272;1017;2025-01-28;10h29;Eau d'alimentation conforme aux exigences de qualit脙漏 en vigueur pour l'ensemble des param脙篓tres mesur脙漏s.;C;C;ARGIS;SOGEDO LYON;MAIRIE DE ARGIS;;;a4f333a4;OK;2026-05-06T09:24:10.646520
1;100143730;NH4;1335.0;AMMONIUM (EN NH4);Ammonium (en NH4);;N;L;<0,05;mg/L;162;;<=0,1 mg/L;0.0;14798-03-9;100152796.0;RESULTATS;DIS_RESULT_2025.txt;;ARGIS;;nan;nan;;;;;;;nan;;;;;;;;qualite_eau_2025;2026-05-05T10:43:01.019648;1000272;1017;2025-01-28;10h29;Eau d'alimentation conforme aux exigences de qualit脙漏 en vigueur pour l'ensemble des param脙篓tres mesur脙漏s.;C;C;ARGIS;SOGEDO LYON;MAIRIE DE ARGIS;;;eae67af4;OK;2026-05-06T09:24:10.646520
1;100143730;ODQ;5901.0;ODEUR (QUALITATIF);Odeur (qualitatif);;O;L;Aucun changement anormal;SANS OBJET;X;;;0.0;;100152796.0;RESULTATS;DIS_RESULT_2025.txt;;ARGIS;;nan;nan;;;;;;;nan;;;;;;;;qualite_eau_2025;2026-05-05T10:43:01.019648;1000272;1017;2025-01-28;10h29;Eau d'alimentation conforme aux exigences de qualit脙漏 en vigueur pour l'ensemble des param脙篓tres mesur脙漏s.;C;C;ARGIS;SOGEDO LYON;MAIRIE DE ARGIS;;;40e441be;OK;2026-05-06T09:24:10.646520
1;100143730;PH;1302.0;PH;pH;;N;T;7,90;unit脙漏 pH;264;;>=6,5 et <=9 unit脙漏 pH;7.9;;;RESULTATS;DIS_RESULT_2025.txt;;ARGIS;;nan;nan;;;;;;;nan;;;;;;;;qualite_eau_2025;2026-05-05T10:43:01.019648;1000272;1017;2025-01-28;10h29;Eau d'alimentation conforme aux exigences de qualit脙漏 en vigueur pour l'ensemble des param脙篓tres mesur脙漏s.;C;C;ARGIS;SOGEDO LYON;MAIRIE DE ARGIS;;;d497b8d5;OK;2026-05-06T09:24:10.646520
1;100143730;SAVQ;5902.0;SAVEUR (QUALITATIF);Saveur (qualitatif);;O;L;Aucun changement anormal;SANS OBJET;X;;;0.0;;100152796.0;RESULTATS;DIS_RESULT_2025.txt;;ARGIS;;nan;nan;;;;;;;nan;;;;;;;;qualite_eau_2025;2026-05-05T10:43:01.019648;1000272;1017;2025-01-28;10h29;Eau d'alimentation conforme aux exigences de qualit脙漏 en vigueur pour l'ensemble des param脙篓tres mesur脙漏s.;C;C;ARGIS;SOGEDO LYON;MAIRIE DE ARGIS;;;be05973e;OK;2026-05-06T09:24:10.646520
1;100143730;STRF;6455.0;ENT脡ROCOQUES /100ML-MS;Ent脙漏rocoques /100ml-MS;;N;L;<1;n/(100mL);226;<=0 n/(100mL);;0.0;;100152796.0;RESULTATS;DIS_RESULT_2025.txt;;ARGIS;;nan;nan;;;;;;;nan;;;;;;;;qualite_eau_2025;2026-05-05T10:43:01.019648;1000272;1017;2025-01-28;10h29;Eau d'alimentation conforme aux exigences de qualit脙漏 en vigueur pour l'ensemble des param脙篓tres mesur脙漏s.;C;C;ARGIS;SOGEDO LYON;MAIRIE DE ARGIS;;;68965431;OK;2026-05-06T09:24:10.646520
1;100143730;TEAU;1301.0;TEMP脡RATURE DE L'EAU;Temp脙漏rature de l'eau;;N;T;9,8;脗掳C;27;;<=25 脗掳C;9.8;;;RESULTATS;DIS_RESULT_2025.txt;;ARGIS;;nan;nan;;;;;;;nan;;;;;;;;qualite_eau_2025;2026-05-05T10:43:01.019648;1000272;1017;2025-01-28;10h29;Eau d'alimentation conforme aux exigences de qualit脙漏 en vigueur pour l'ensemble des param脙篓tres mesur脙漏s.;C;C;ARGIS;SOGEDO LYON;MAIRIE DE ARGIS;;;943f16d8;OK;2026-05-06T09:24:10.646520
1;100143730;TURBNFU;1295.0;TURBIDIT脡 N脡PH脡LOM脡TRIQUE NFU;Turbidit脙漏 n脙漏ph脙漏lom脙漏trique NFU;;N;L;0,32;NFU;232;;<=2 NFU;0.32;;100152796.0;RESULTATS;DIS_RESULT_2025.txt;;ARGIS;;nan;nan;;;;;;;nan;;;;;;;;qualite_eau_2025;2026-05-05T10:43:01.019648;1000272;1017;2025-01-28;10h29;Eau d'alimentation conforme aux exigences de qualit脙漏 en vigueur pour l'ensemble des param脙篓tres mesur脙漏s.;C;C;ARGIS;SOGEDO LYON;MAIRIE DE ARGIS;;;db33d41c;OK;2026-05-06T09:24:10.646520
1;100143732;ASP;6489.0;ASPECT (QUALITATIF);Aspect (qualitatif);;O;L;Aspect normal;SANS OBJET;X;;;0.0;;100152798.0;RESULTATS;DIS_RESULT_2025.txt;;DAGNEUX;;nan;nan;;;;;;;nan;;;;;;;;qualite_eau_2025;2026-05-05T10:43:01.019648;1000623;1142;2025-01-23;11h44;Eau d'alimentation conforme aux exigences de qualit脙漏 en vigueur pour l'ensemble des param脙篓tres mesur脙漏s.;C;C;CC COTIERE A MONTLUEL (3CM) SOGEDO;SOGEDO LYON;CC DE LA C脙聰TI脙聢RE 脙聙 MONTLUEL (3CM);;;5b89b4a9;OK;2026-05-06T09:24:10.646520
1;100143732;BSIR;1042.0;BACT. ET SPORES SULFITO-R脡DU./100ML;Bact. et spores sulfito-r脙漏du./100ml;;N;L;<1;n/(100mL);226;;<=0 n/(100mL);0.0;;100152798.0;RESULTATS;DIS_RESULT_2025.txt;;DAGNEUX;;nan;nan;;;;;;;nan;;;;;;;;qualite_eau_2025;2026-05-05T10:43:01.019648;1000623;1142;2025-01-23;11h44;Eau d'alimentation conforme aux exigences de qualit脙漏 en vigueur pour l'ensemble des param脙篓tres mesur脙漏s.;C;C;CC COTIERE A MONTLUEL (3CM) SOGEDO;SOGEDO LYON;CC DE LA C脙聰TI脙聢RE 脙聙 MONTLUEL (3CM);;;ca4b0b67;OK;2026-05-06T09:24:10.646520
1;100143732;CDT25;1303.0;CONDUCTIVIT脡 脌 25掳C;Conductivit脙漏 脙聽 25脗掳C;;N;L;593;脗碌S/cm;147;;>=200 et <=1100 脗碌S/cm;593.0;;100152798.0;RESULTATS;DIS_RESULT_2025.txt;;DAGNEUX;;nan;nan;;;;;;;nan;;;;;;;;qualite_eau_2025;2026-05-05T10:43:01.019648;1000623;1142;2025-01-23;11h44;Eau d'alimentation conforme aux exigences de qualit脙漏 en vigueur pour l'ensemble des param脙篓tres mesur脙漏s.;C;C;CC COTIERE A MONTLUEL (3CM) SOGEDO;SOGEDO LYON;CC DE LA C脙聰TI脙聢RE 脙聙 MONTLUEL (3CM);;;ea03c158;OK;2026-05-06T09:24:10.646520
1;100143732;CL2LIB;1398.0;CHLORE LIBRE;Chlore libre;;N;T;0,37;mg(Cl2)/L;165;;;0.37;;;RESULTATS;DIS_RESULT_2025.txt;;DAGNEUX;;nan;nan;;;;;;;nan;;;;;;;;qualite_eau_2025;2026-05-05T10:43:01.019648;1000623;1142;2025-01-23;11h44;Eau d'alimentation conforme aux exigences de qualit脙漏 en vigueur pour l'ensemble des param脙篓tres mesur脙漏s.;C;C;CC COTIERE A MONTLUEL (3CM) SOGEDO;SOGEDO LYON;CC DE LA C脙聰TI脙聢RE 脙聙 MONTLUEL (3CM);;;727f8985;OK;2026-05-06T09:24:10.646520
1;100143732;CL2TOT;1399.0;CHLORE TOTAL;Chlore total;;N;T;0,40;mg(Cl2)/L;165;;;0.4;;;RESULTATS;DIS_RESULT_2025.txt;;DAGNEUX;;nan;nan;;;;;;;nan;;;;;;;;qualite_eau_2025;2026-05-05T10:43:01.019648;1000623;1142;2025-01-23;11h44;Eau d'alimentation conforme aux exigences de qualit脙漏 en vigueur pour l'ensemble des param脙篓tres mesur脙漏s.;C;C;CC COTIERE A MONTLUEL (3CM) SOGEDO;SOGEDO LYON;CC DE LA C脙聰TI脙聢RE 脙聙 MONTLUEL (3CM);;;9d709f39;OK;2026-05-06T09:24:10.646520
1;100143732;COULF;1309.0;COLORATION;Coloration;;N;L;<5;mg(Pt)/L;178;;<=15 mg(Pt)/L;0.0;;100152798.0;RESULTATS;DIS_RESULT_2025.txt;;DAGNEUX;;nan;nan;;;;;;;nan;;;;;;;;qualite_eau_2025;2026-05-05T10:43:01.019648;1000623;1142;2025-01-23;11h44;Eau d'alimentation conforme aux exigences de qualit脙漏 en vigueur pour l'ensemble des param脙篓tres mesur脙漏s.;C;C;CC COTIERE A MONTLUEL (3CM) SOGEDO;SOGEDO LYON;CC DE LA C脙聰TI脙聢RE 脙聙 MONTLUEL (3CM);;;1f3d3987;OK;2026-05-06T09:24:10.646520
1;100143732;CTF;1447.0;BACT脡RIES COLIFORMES /100ML-MS;Bact脙漏ries coliformes /100ml-MS;;N;L;<1;n/(100mL);226;;<=0 n/(100mL);0.0;;100152798.0;RESULTATS;DIS_RESULT_2025.txt;;DAGNEUX;;nan;nan;;;;;;;nan;;;;;;;;qualite_eau_2025;2026-05-05T10:43:01.019648;1000623;1142;2025-01-23;11h44;Eau d'alimentation conforme aux exigences de qualit脙漏 en vigueur pour l'ensemble des param脙篓tres mesur脙漏s.;C;C;CC COTIERE A MONTLUEL (3CM) SOGEDO;SOGEDO LYON;CC DE LA C脙聰TI脙聢RE 脙聙 MONTLUEL (3CM);;;7f484c20;OK;2026-05-06T09:24:10.646520
1;100143732;ECOLI;1449.0;ESCHERICHIA COLI /100ML - MF;Escherichia coli /100ml - MF;;N;L;<1;n/(100mL);226;<=0 n/(100mL);;0.0;;100152798.0;RESULTATS;DIS_RESULT_2025.txt;;DAGNEUX;;nan;nan;;;;;;;nan;;;;;;;;qualite_eau_2025;2026-05-05T10:43:01.019648;1000623;1142;2025-01-23;11h44;Eau d'alimentation conforme aux exigences de qualit脙漏 en vigueur pour l'ensemble des param脙篓tres mesur脙漏s.;C;C;CC COTIERE A MONTLUEL (3CM) SOGEDO;SOGEDO LYON;CC DE LA C脙聰TI脙聢RE 脙聙 MONTLUEL (3CM);;;b526ab35;OK;2026-05-06T09:24:10.646520
1;100143732;GT22_68;5440.0;BACT. A脡R. REVIVIFIABLES 脌 22掳-68H;Bact. a脙漏r. revivifiables 脙聽 22脗掳-68h;;N;L;1;n/mL;222;;;1.0;;100152798.0;RESULTATS;DIS_RESULT_2025.txt;;DAGNEUX;;nan;nan;;;;;;;nan;;;;;;;;qualite_eau_2025;2026-05-05T10:43:01.019648;1000623;1142;2025-01-23;11h44;Eau d'alimentation conforme aux exigences de qualit脙漏 en vigueur pour l'ensemble des param脙篓tres mesur脙漏s.;C;C;CC COTIERE A MONTLUEL (3CM) SOGEDO;SOGEDO LYON;CC DE LA C脙聰TI脙聢RE 脙聙 MONTLUEL (3CM);;;1ced512c;OK;2026-05-06T09:24:10.646520
1;100143732;GT36_44;5441.0;BACT. A脡R. REVIVIFIABLES 脌 36掳-44H;Bact. a脙漏r. revivifiables 脙聽 36脗掳-44h;;N;L;<1;n/mL;222;;;0.0;;100152798.0;RESULTATS;DIS_RESULT_2025.txt;;DAGNEUX;;nan;nan;;;;;;;nan;;;;;;;;qualite_eau_2025;2026-05-05T10:43:01.019648;1000623;1142;2025-01-23;11h44;Eau d'alimentation conforme aux exigences de qualit脙漏 en vigueur pour l'ensemble des param脙篓tres mesur脙漏s.;C;C;CC COTIERE A MONTLUEL (3CM) SOGEDO;SOGEDO LYON;CC DE LA C脙聰TI脙聢RE 脙聙 MONTLUEL (3CM);;;14c68ce7;OK;2026-05-06T09:24:10.646520
1;100143732;NH4;1335.0;AMMONIUM (EN NH4);Ammonium (en NH4);;N;L;<0,05;mg/L;162;;<=0,1 mg/L;0.0;14798-03-9;100152798.0;RESULTATS;DIS_RESULT_2025.txt;;DAGNEUX;;nan;nan;;;;;;;nan;;;;;;;;qualite_eau_2025;2026-05-05T10:43:01.019648;1000623;1142;2025-01-23;11h44;Eau d'alimentation conforme aux exigences de qualit脙漏 en vigueur pour l'ensemble des param脙篓tres mesur脙漏s.;C;C;CC COTIERE A MONTLUEL (3CM) SOGEDO;SOGEDO LYON;CC DE LA C脙聰TI脙聢RE 脙聙 MONTLUEL (3CM);;;a6294fc0;OK;2026-05-06T09:24:10.646520
1;100143732;ODQ;5901.0;ODEUR (QUALITATIF);Odeur (qualitatif);;O;L;Aucun changement anormal;SANS OBJET;X;;;0.0;;100152798.0;RESULTATS;DIS_RESULT_2025.txt;;DAGNEUX;;nan;nan;;;;;;;nan;;;;;;;;qualite_eau_2025;2026-05-05T10:43:01.019648;1000623;1142;2025-01-23;11h44;Eau d'alimentation conforme aux exigences de qualit脙漏 en vigueur pour l'ensemble des param脙篓tres mesur脙漏s.;C;C;CC COTIERE A MONTLUEL (3CM) SOGEDO;SOGEDO LYON;CC DE LA C脙聰TI脙聢RE 脙聙 MONTLUEL (3CM);;;001d9e95;OK;2026-05-06T09:24:10.646520
1;100143732;PH;1302.0;PH;pH;;N;T;7,50;unit脙漏 pH;264;;>=6,5 et <=9 unit脙漏 pH;7.5;;;RESULTATS;DIS_RESULT_2025.txt;;DAGNEUX;;nan;nan;;;;;;;nan;;;;;;;;qualite_eau_2025;2026-05-05T10:43:01.019648;1000623;1142;2025-01-23;11h44;Eau d'alimentation conforme aux exigences de qualit脙漏 en vigueur pour l'ensemble des param脙篓tres mesur脙漏s.;C;C;CC COTIERE A MONTLUEL (3CM) SOGEDO;SOGEDO LYON;CC DE LA C脙聰TI脙聢RE 脙聙 MONTLUEL (3CM);;;aba1b22a;OK;2026-05-06T09:24:10.646520
1;100143732;SAVQ;5902.0;SAVEUR (QUALITATIF);Saveur (qualitatif);;O;L;Aucun changement anormal;SANS OBJET;X;;;0.0;;100152798.0;RESULTATS;DIS_RESULT_2025.txt;;DAGNEUX;;nan;nan;;;;;;;nan;;;;;;;;qualite_eau_2025;2026-05-05T10:43:01.019648;1000623;1142;2025-01-23;11h44;Eau d'alimentation conforme aux exigences de qualit脙漏 en vigueur pour l'ensemble des param脙篓tres mesur脙漏s.;C;C;CC COTIERE A MONTLUEL (3CM) SOGEDO;SOGEDO LYON;CC DE LA C脙聰TI脙聢RE 脙聙 MONTLUEL (3CM);;;cf806a11;OK;2026-05-06T09:24:10.646520
1;100143732;STRF;6455.0;ENT脡ROCOQUES /100ML-MS;Ent脙漏rocoques /100ml-MS;;N;L;<1;n/(100mL);226;<=0 n/(100mL);;0.0;;100152798.0;RESULTATS;DIS_RESULT_2025.txt;;DAGNEUX;;nan;nan;;;;;;;nan;;;;;;;;qualite_eau_2025;2026-05-05T10:43:01.019648;1000623;1142;2025-01-23;11h44;Eau d'alimentation conforme aux exigences de qualit脙漏 en vigueur pour l'ensemble des param脙篓tres mesur脙漏s.;C;C;CC COTIERE A MONTLUEL (3CM) SOGEDO;SOGEDO LYON;CC DE LA C脙聰TI脙聢RE 脙聙 MONTLUEL (3CM);;;e4956166;OK;2026-05-06T09:24:10.646520
1;100143732;TEAU;1301.0;TEMP脡RATURE DE L'EAU;Temp脙漏rature de l'eau;;N;T;10,7;脗掳C;27;;<=25 脗掳C;10.7;;;RESULTATS;DIS_RESULT_2025.txt;;DAGNEUX;;nan;nan;;;;;;;nan;;;;;;;;qualite_eau_2025;2026-05-05T10:43:01.019648;1000623;1142;2025-01-23;11h44;Eau d'alimentation conforme aux exigences de qualit脙漏 en vigueur pour l'ensemble des param脙篓tres mesur脙漏s.;C;C;CC COTIERE A MONTLUEL (3CM) SOGEDO;SOGEDO LYON;CC DE LA C脙聰TI脙聢RE 脙聙 MONTLUEL (3CM);;;73b80150;OK;2026-05-06T09:24:10.646520
1;100143732;TURBNFU;1295.0;TURBIDIT脡 N脡PH脡LOM脡TRIQUE NFU;Turbidit脙漏 n脙漏ph脙漏lom脙漏trique NFU;;N;L;<0,1;NFU;232;;<=2 NFU;0.0;;100152798.0;RESULTATS;DIS_RESULT_2025.txt;;DAGNEUX;;nan;nan;;;;;;;nan;;;;;;;;qualite_eau_2025;2026-05-05T10:43:01.019648;1000623;1142;2025-01-23;11h44;Eau d'alimentation conforme aux exigences de qualit脙漏 en vigueur pour l'ensemble des param脙篓tres mesur脙漏s.;C;C;CC COTIERE A MONTLUEL (3CM) SOGEDO;SOGEDO LYON;CC DE LA C脙聰TI脙聢RE 脙聙 MONTLUEL (3CM);;;1da86abb;OK;2026-05-06T09:24:10.646520
1;100143733;ASP;6489.0;ASPECT (QUALITATIF);Aspect (qualitatif);;O;L;Aspect normal;SANS OBJET;X;;;0.0;;100152799.0;RESULTATS;DIS_RESULT_2025.txt;;BOISSE (LA);;nan;nan;;;;;;;nan;;;;;;;;qualite_eau_2025;2026-05-05T10:43:01.019648;1001095;1049;2025-01-23;12h13;Eau d'alimentation conforme aux exigences de qualit脙漏 en vigueur pour l'ensemble des param脙篓tres mesur脙漏s.;C;C;CC COTIERE A MONTLUEL (3CM) SOGEDO;SOGEDO LYON;CC DE LA C脙聰TI脙聢RE 脙聙 MONTLUEL (3CM);;;494a35fe;OK;2026-05-06T09:24:10.646520
1;100143733;BSIR;1042.0;BACT. ET SPORES SULFITO-R脡DU./100ML;Bact. et spores sulfito-r脙漏du./100ml;;N;L;<1;n/(100mL);226;;<=0 n/(100mL);0.0;;100152799.0;RESULTATS;DIS_RESULT_2025.txt;;BOISSE (LA);;nan;nan;;;;;;;nan;;;;;;;;qualite_eau_2025;2026-05-05T10:43:01.019648;1001095;1049;2025-01-23;12h13;Eau d'alimentation conforme aux exigences de qualit脙漏 en vigueur pour l'ensemble des param脙篓tres mesur脙漏s.;C;C;CC COTIERE A MONTLUEL (3CM) SOGEDO;SOGEDO LYON;CC DE LA C脙聰TI脙聢RE 脙聙 MONTLUEL (3CM);;;cd06034d;OK;2026-05-06T09:24:10.646520
1;100143733;CDT25;1303.0;CONDUCTIVIT脡 脌 25掳C;Conductivit脙漏 脙聽 25脗掳C;;N;L;582;脗碌S/cm;147;;>=200 et <=1100 脗碌S/cm;582.0;;100152799.0;RESULTATS;DIS_RESULT_2025.txt;;BOISSE (LA);;nan;nan;;;;;;;nan;;;;;;;;qualite_eau_2025;2026-05-05T10:43:01.019648;1001095;1049;2025-01-23;12h13;Eau d'alimentation conforme aux exigences de qualit脙漏 en vigueur pour l'ensemble des param脙篓tres mesur脙漏s.;C;C;CC COTIERE A MONTLUEL (3CM) SOGEDO;SOGEDO LYON;CC DE LA C脙聰TI脙聢RE 脙聙 MONTLUEL (3CM);;;9397211f;OK;2026-05-06T09:24:10.646520
1;100143733;CL2LIB;1398.0;CHLORE LIBRE;Chlore libre;;N;T;0,28;mg(Cl2)/L;165;;;0.28;;;RESULTATS;DIS_RESULT_2025.txt;;BOISSE (LA);;nan;nan;;;;;;;nan;;;;;;;;qualite_eau_2025;2026-05-05T10:43:01.019648;1001095;1049;2025-01-23;12h13;Eau d'alimentation conforme aux exigences de qualit脙漏 en vigueur pour l'ensemble des param脙篓tres mesur脙漏s.;C;C;CC COTIERE A MONTLUEL (3CM) SOGEDO;SOGEDO LYON;CC DE LA C脙聰TI脙聢RE 脙聙 MONTLUEL (3CM);;;6bd2460a;OK;2026-05-06T09:24:10.646520
1;100143733;CL2TOT;1399.0;CHLORE TOTAL;Chlore total;;N;T;0,32;mg(Cl2)/L;165;;;0.32;;;RESULTATS;DIS_RESULT_2025.txt;;BOISSE (LA);;nan;nan;;;;;;;nan;;;;;;;;qualite_eau_2025;2026-05-05T10:43:01.019648;1001095;1049;2025-01-23;12h13;Eau d'alimentation conforme aux exigences de qualit脙漏 en vigueur pour l'ensemble des param脙篓tres mesur脙漏s.;C;C;CC COTIERE A MONTLUEL (3CM) SOGEDO;SOGEDO LYON;CC DE LA C脙聰TI脙聢RE 脙聙 MONTLUEL (3CM);;;6100bd21;OK;2026-05-06T09:24:10.646520
1;100143733;COULF;1309.0;COLORATION;Coloration;;N;L;<5;mg(Pt)/L;178;;<=15 mg(Pt)/L;0.0;;100152799.0;RESULTATS;DIS_RESULT_2025.txt;;BOISSE (LA);;nan;nan;;;;;;;nan;;;;;;;;qualite_eau_2025;2026-05-05T10:43:01.019648;1001095;1049;2025-01-23;12h13;Eau d'alimentation conforme aux exigences de qualit脙漏 en vigueur pour l'ensemble des param脙篓tres mesur脙漏s.;C;C;CC COTIERE A MONTLUEL (3CM) SOGEDO;SOGEDO LYON;CC DE LA C脙聰TI脙聢RE 脙聙 MONTLUEL (3CM);;;a8d05fba;OK;2026-05-06T09:24:10.646520
1;100143733;CTF;1447.0;BACT脡RIES COLIFORMES /100ML-MS;Bact脙漏ries coliformes /100ml-MS;;N;L;<1;n/(100mL);226;;<=0 n/(100mL);0.0;;100152799.0;RESULTATS;DIS_RESULT_2025.txt;;BOISSE (LA);;nan;nan;;;;;;;nan;;;;;;;;qualite_eau_2025;2026-05-05T10:43:01.019648;1001095;1049;2025-01-23;12h13;Eau d'alimentation conforme aux exigences de qualit脙漏 en vigueur pour l'ensemble des param脙篓tres mesur脙漏s.;C;C;CC COTIERE A MONTLUEL (3CM) SOGEDO;SOGEDO LYON;CC DE LA C脙聰TI脙聢RE 脙聙 MONTLUEL (3CM);;;96f30ab7;OK;2026-05-06T09:24:10.646520
1;100143733;ECOLI;1449.0;ESCHERICHIA COLI /100ML - MF;Escherichia coli /100ml - MF;;N;L;<1;n/(100mL);226;<=0 n/(100mL);;0.0;;100152799.0;RESULTATS;DIS_RESULT_2025.txt;;BOISSE (LA);;nan;nan;;;;;;;nan;;;;;;;;qualite_eau_2025;2026-05-05T10:43:01.019648;1001095;1049;2025-01-23;12h13;Eau d'alimentation conforme aux exigences de qualit脙漏 en vigueur pour l'ensemble des param脙篓tres mesur脙漏s.;C;C;CC COTIERE A MONTLUEL (3CM) SOGEDO;SOGEDO LYON;CC DE LA C脙聰TI脙聢RE 脙聙 MONTLUEL (3CM);;;cec77e50;OK;2026-05-06T09:24:10.646520
1;100143733;GT22_68;5440.0;BACT. A脡R. REVIVIFIABLES 脌 22掳-68H;Bact. a脙漏r. revivifiables 脙聽 22脗掳-68h;;N;L;1;n/mL;222;;;1.0;;100152799.0;RESULTATS;DIS_RESULT_2025.txt;;BOISSE (LA);;nan;nan;;;;;;;nan;;;;;;;;qualite_eau_2025;2026-05-05T10:43:01.019648;1001095;1049;2025-01-23;12h13;Eau d'alimentation conforme aux exigences de qualit脙漏 en vigueur pour l'ensemble des param脙篓tres mesur脙漏s.;C;C;CC COTIERE A MONTLUEL (3CM) SOGEDO;SOGEDO LYON;CC DE LA C脙聰TI脙聢RE 脙聙 MONTLUEL (3CM);;;e0bcf480;OK;2026-05-06T09:24:10.646520
1;100143733;GT36_44;5441.0;BACT. A脡R. REVIVIFIABLES 脌 36掳-44H;Bact. a脙漏r. revivifiables 脙聽 36脗掳-44h;;N;L;<1;n/mL;222;;;0.0;;100152799.0;RESULTATS;DIS_RESULT_2025.txt;;BOISSE (LA);;nan;nan;;;;;;;nan;;;;;;;;qualite_eau_2025;2026-05-05T10:43:01.019648;1001095;1049;2025-01-23;12h13;Eau d'alimentation conforme aux exigences de qualit脙漏 en vigueur pour l'ensemble des param脙篓tres mesur脙漏s.;C;C;CC COTIERE A MONTLUEL (3CM) SOGEDO;SOGEDO LYON;CC DE LA C脙聰TI脙聢RE 脙聙 MONTLUEL (3CM);;;efcef9e7;OK;2026-05-06T09:24:10.646520
1;100143733;NH4;1335.0;AMMONIUM (EN NH4);Ammonium (en NH4);;N;L;<0,05;mg/L;162;;<=0,1 mg/L;0.0;14798-03-9;100152799.0;RESULTATS;DIS_RESULT_2025.txt;;BOISSE (LA);;nan;nan;;;;;;;nan;;;;;;;;qualite_eau_2025;2026-05-05T10:43:01.019648;1001095;1049;2025-01-23;12h13;Eau d'alimentation conforme aux exigences de qualit脙漏 en vigueur pour l'ensemble des param脙篓tres mesur脙漏s.;C;C;CC COTIERE A MONTLUEL (3CM) SOGEDO;SOGEDO LYON;CC DE LA C脙聰TI脙聢RE 脙聙 MONTLUEL (3CM);;;e1cc3c6c;OK;2026-05-06T09:24:10.646520
1;100143733;ODQ;5901.0;ODEUR (QUALITATIF);Odeur (qualitatif);;O;L;Aucun changement anormal;SANS OBJET;X;;;0.0;;100152799.0;RESULTATS;DIS_RESULT_2025.txt;;BOISSE (LA);;nan;nan;;;;;;;nan;;;;;;;;qualite_eau_2025;2026-05-05T10:43:01.019648;1001095;1049;2025-01-23;12h13;Eau d'alimentation conforme aux exigences de qualit脙漏 en vigueur pour l'ensemble des param脙篓tres mesur脙漏s.;C;C;CC COTIERE A MONTLUEL (3CM) SOGEDO;SOGEDO LYON;CC DE LA C脙聰TI脙聢RE 脙聙 MONTLUEL (3CM);;;9e5b2622;OK;2026-05-06T09:24:10.646520
1;100143733;PH;1302.0;PH;pH;;N;T;7,60;unit脙漏 pH;264;;>=6,5 et <=9 unit脙漏 pH;7.6;;;RESULTATS;DIS_RESULT_2025.txt;;BOISSE (LA);;nan;nan;;;;;;;nan;;;;;;;;qualite_eau_2025;2026-05-05T10:43:01.019648;1001095;1049;2025-01-23;12h13;Eau d'alimentation conforme aux exigences de qualit脙漏 en vigueur pour l'ensemble des param脙篓tres mesur脙漏s.;C;C;CC COTIERE A MONTLUEL (3CM) SOGEDO;SOGEDO LYON;CC DE LA C脙聰TI脙聢RE 脙聙 MONTLUEL (3CM);;;14230566;OK;2026-05-06T09:24:10.646520
1;100143733;SAVQ;5902.0;SAVEUR (QUALITATIF);Saveur (qualitatif);;O;L;Aucun changement anormal;SANS OBJET;X;;;0.0;;100152799.0;RESULTATS;DIS_RESULT_2025.txt;;BOISSE (LA);;nan;nan;;;;;;;nan;;;;;;;;qualite_eau_2025;2026-05-05T10:43:01.019648;1001095;1049;2025-01-23;12h13;Eau d'alimentation conforme aux exigences de qualit脙漏 en vigueur pour l'ensemble des param脙篓tres mesur脙漏s.;C;C;CC COTIERE A MONTLUEL (3CM) SOGEDO;SOGEDO LYON;CC DE LA C脙聰TI脙聢RE 脙聙 MONTLUEL (3CM);;;27648b98;OK;2026-05-06T09:24:10.646520
1;100143733;STRF;6455.0;ENT脡ROCOQUES /100ML-MS;Ent脙漏rocoques /100ml-MS;;N;L;<1;n/(100mL);226;<=0 n/(100mL);;0.0;;100152799.0;RESULTATS;DIS_RESULT_2025.txt;;BOISSE (LA);;nan;nan;;;;;;;nan;;;;;;;;qualite_eau_2025;2026-05-05T10:43:01.019648;1001095;1049;2025-01-23;12h13;Eau d'alimentation conforme aux exigences de qualit脙漏 en vigueur pour l'ensemble des param脙篓tres mesur脙漏s.;C;C;CC COTIERE A MONTLUEL (3CM) SOGEDO;SOGEDO LYON;CC DE LA C脙聰TI脙聢RE 脙聙 MONTLUEL (3CM);;;e5a5dce9;OK;2026-05-06T09:24:10.646520
1;100143733;TEAU;1301.0;TEMP脡RATURE DE L'EAU;Temp脙漏rature de l'eau;;N;T;9,0;脗掳C;27;;<=25 脗掳C;9.0;;;RESULTATS;DIS_RESULT_2025.txt;;BOISSE (LA);;nan;nan;;;;;;;nan;;;;;;;;qualite_eau_2025;2026-05-05T10:43:01.019648;1001095;1049;2025-01-23;12h13;Eau d'alimentation conforme aux exigences de qualit脙漏 en vigueur pour l'ensemble des param脙篓tres mesur脙漏s.;C;C;CC COTIERE A MONTLUEL (3CM) SOGEDO;SOGEDO LYON;CC DE LA C脙聰TI脙聢RE 脙聙 MONTLUEL (3CM);;;089e4d75;OK;2026-05-06T09:24:10.646520
1;100143733;TURBNFU;1295.0;TURBIDIT脡 N脡PH脡LOM脡TRIQUE NFU;Turbidit脙漏 n脙漏ph脙漏lom脙漏trique NFU;;N;L;0,39;NFU;232;;<=2 NFU;0.39;;100152799.0;RESULTATS;DIS_RESULT_2025.txt;;BOISSE (LA);;nan;nan;;;;;;;nan;;;;;;;;qualite_eau_2025;2026-05-05T10:43:01.019648;1001095;1049;2025-01-23;12h13;Eau d'alimentation conforme aux exigences de qualit脙漏 en vigueur pour l'ensemble des param脙篓tres mesur脙漏s.;C;C;CC COTIERE A MONTLUEL (3CM) SOGEDO;SOGEDO LYON;CC DE LA C脙聰TI脙聢RE 脙聙 MONTLUEL (3CM);;;bbfe607a;OK;2026-05-06T09:24:10.646520
1;100143734;ASP;6489.0;ASPECT (QUALITATIF);Aspect (qualitatif);;O;L;Aspect normal;SANS OBJET;X;;;0.0;;100152800.0;RESULTATS;DIS_RESULT_2025.txt;;VALSERHONE;;nan;nan;;;;;;;nan;;;;;;;;qualite_eau_2025;2026-05-05T10:43:01.019648;1001015;1033;2025-01-14;10h22;Eau d'alimentation conforme aux exigences de qualit脙漏 en vigueur pour l'ensemble des param脙篓tres mesur脙漏s.;C;C;CC TERRE VALSERHONE (CCTV);CC TERRE VALSERHONE - REGIE DES EAUX;CC TERRE VALSERHONE - REGIE DES EAUX;;;fed8f548;OK;2026-05-06T09:24:10.646520
1;100143734;BSIR;1042.0;BACT. ET SPORES SULFITO-R脡DU./100ML;Bact. et spores sulfito-r脙漏du./100ml;;N;L;<1;n/(100mL);226;;<=0 n/(100mL);0.0;;100152800.0;RESULTATS;DIS_RESULT_2025.txt;;VALSERHONE;;nan;nan;;;;;;;nan;;;;;;;;qualite_eau_2025;2026-05-05T10:43:01.019648;1001015;1033;2025-01-14;10h22;Eau d'alimentation conforme aux exigences de qualit脙漏 en vigueur pour l'ensemble des param脙篓tres mesur脙漏s.;C;C;CC TERRE VALSERHONE (CCTV);CC TERRE VALSERHONE - REGIE DES EAUX;CC TERRE VALSERHONE - REGIE DES EAUX;;;43a90c71;OK;2026-05-06T09:24:10.646520
1;100143734;CDT25;1303.0;CONDUCTIVIT脡 脌 25掳C;Conductivit脙漏 脙聽 25脗掳C;;N;L;460;脗碌S/cm;147;;>=200 et <=1100 脗碌S/cm;460.0;;100152800.0;RESULTATS;DIS_RESULT_2025.txt;;VALSERHONE;;nan;nan;;;;;;;nan;;;;;;;;qualite_eau_2025;2026-05-05T10:43:01.019648;1001015;1033;2025-01-14;10h22;Eau d'alimentation conforme aux exigences de qualit脙漏 en vigueur pour l'ensemble des param脙篓tres mesur脙漏s.;C;C;CC TERRE VALSERHONE (CCTV);CC TERRE VALSERHONE - REGIE DES EAUX;CC TERRE VALSERHONE - REGIE DES EAUX;;;6a7abcb4;OK;2026-05-06T09:24:10.646520
1;100143734;CL2LIB;1398.0;CHLORE LIBRE;Chlore libre;;N;T;0,36;mg(Cl2)/L;165;;;0.36;;;RESULTATS;DIS_RESULT_2025.txt;;VALSERHONE;;nan;nan;;;;;;;nan;;;;;;;;qualite_eau_2025;2026-05-05T10:43:01.019648;1001015;1033;2025-01-14;10h22;Eau d'alimentation conforme aux exigences de qualit脙漏 en vigueur pour l'ensemble des param脙篓tres mesur脙漏s.;C;C;CC TERRE VALSERHONE (CCTV);CC TERRE VALSERHONE - REGIE DES EAUX;CC TERRE VALSERHONE - REGIE DES EAUX;;;170a89b2;OK;2026-05-06T09:24:10.646520
1;100143734;CL2TOT;1399.0;CHLORE TOTAL;Chlore total;;N;T;0,42;mg(Cl2)/L;165;;;0.42;;;RESULTATS;DIS_RESULT_2025.txt;;VALSERHONE;;nan;nan;;;;;;;nan;;;;;;;;qualite_eau_2025;2026-05-05T10:43:01.019648;1001015;1033;2025-01-14;10h22;Eau d'alimentation conforme aux exigences de qualit脙漏 en vigueur pour l'ensemble des param脙篓tres mesur脙漏s.;C;C;CC TERRE VALSERHONE (CCTV);CC TERRE VALSERHONE - REGIE DES EAUX;CC TERRE VALSERHONE - REGIE DES EAUX;;;7a0f5e09;OK;2026-05-06T09:24:10.646520
1;100143734;COULF;1309.0;COLORATION;Coloration;;N;L;<5;mg(Pt)/L;178;;<=15 mg(Pt)/L;0.0;;100152800.0;RESULTATS;DIS_RESULT_2025.txt;;VALSERHONE;;nan;nan;;;;;;;nan;;;;;;;;qualite_eau_2025;2026-05-05T10:43:01.019648;1001015;1033;2025-01-14;10h22;Eau d'alimentation conforme aux exigences de qualit脙漏 en vigueur pour l'ensemble des param脙篓tres mesur脙漏s.;C;C;CC TERRE VALSERHONE (CCTV);CC TERRE VALSERHONE - REGIE DES EAUX;CC TERRE VALSERHONE - REGIE DES EAUX;;;146701e1;OK;2026-05-06T09:24:10.646520
1;100143734;CTF;1447.0;BACT脡RIES COLIFORMES /100ML-MS;Bact脙漏ries coliformes /100ml-MS;;N;L;<1;n/(100mL);226;;<=0 n/(100mL);0.0;;100152800.0;RESULTATS;DIS_RESULT_2025.txt;;VALSERHONE;;nan;nan;;;;;;;nan;;;;;;;;qualite_eau_2025;2026-05-05T10:43:01.019648;1001015;1033;2025-01-14;10h22;Eau d'alimentation conforme aux exigences de qualit脙漏 en vigueur pour l'ensemble des param脙篓tres mesur脙漏s.;C;C;CC TERRE VALSERHONE (CCTV);CC TERRE VALSERHONE - REGIE DES EAUX;CC TERRE VALSERHONE - REGIE DES EAUX;;;5cb4c141;OK;2026-05-06T09:24:10.646520
1;100143734;ECOLI;1449.0;ESCHERICHIA COLI /100ML - MF;Escherichia coli /100ml - MF;;N;L;<1;n/(100mL);226;<=0 n/(100mL);;0.0;;100152800.0;RESULTATS;DIS_RESULT_2025.txt;;VALSERHONE;;nan;nan;;;;;;;nan;;;;;;;;qualite_eau_2025;2026-05-05T10:43:01.019648;1001015;1033;2025-01-14;10h22;Eau d'alimentation conforme aux exigences de qualit脙漏 en vigueur pour l'ensemble des param脙篓tres mesur脙漏s.;C;C;CC TERRE VALSERHONE (CCTV);CC TERRE VALSERHONE - REGIE DES EAUX;CC TERRE VALSERHONE - REGIE DES EAUX;;;b136b73e;OK;2026-05-06T09:24:10.646520
1;100143734;GT22_68;5440.0;BACT. A脡R. REVIVIFIABLES 脌 22掳-68H;Bact. a脙漏r. revivifiables 脙聽 22脗掳-68h;;N;L;<1;n/mL;222;;;0.0;;100152800.0;RESULTATS;DIS_RESULT_2025.txt;;VALSERHONE;;nan;nan;;;;;;;nan;;;;;;;;qualite_eau_2025;2026-05-05T10:43:01.019648;1001015;1033;2025-01-14;10h22;Eau d'alimentation conforme aux exigences de qualit脙漏 en vigueur pour l'ensemble des param脙篓tres mesur脙漏s.;C;C;CC TERRE VALSERHONE (CCTV);CC TERRE VALSERHONE - REGIE DES EAUX;CC TERRE VALSERHONE - REGIE DES EAUX;;;f72c91bc;OK;2026-05-06T09:24:10.646520
1;100143734;GT36_44;5441.0;BACT. A脡R. REVIVIFIABLES 脌 36掳-44H;Bact. a脙漏r. revivifiables 脙聽 36脗掳-44h;;N;L;<1;n/mL;222;;;0.0;;100152800.0;RESULTATS;DIS_RESULT_2025.txt;;VALSERHONE;;nan;nan;;;;;;;nan;;;;;;;;qualite_eau_2025;2026-05-05T10:43:01.019648;1001015;1033;2025-01-14;10h22;Eau d'alimentation conforme aux exigences de qualit脙漏 en vigueur pour l'ensemble des param脙篓tres mesur脙漏s.;C;C;CC TERRE VALSERHONE (CCTV);CC TERRE VALSERHONE - REGIE DES EAUX;CC TERRE VALSERHONE - REGIE DES EAUX;;;b7d1bef5;OK;2026-05-06T09:24:10.646520
1;100143734;NH4;1335.0;AMMONIUM (EN NH4);Ammonium (en NH4);;N;L;<0,05;mg/L;162;;<=0,1 mg/L;0.0;14798-03-9;100152800.0;RESULTATS;DIS_RESULT_2025.txt;;VALSERHONE;;nan;nan;;;;;;;nan;;;;;;;;qualite_eau_2025;2026-05-05T10:43:01.019648;1001015;1033;2025-01-14;10h22;Eau d'alimentation conforme aux exigences de qualit脙漏 en vigueur pour l'ensemble des param脙篓tres mesur脙漏s.;C;C;CC TERRE VALSERHONE (CCTV);CC TERRE VALSERHONE - REGIE DES EAUX;CC TERRE VALSERHONE - REGIE DES EAUX;;;425fc001;OK;2026-05-06T09:24:10.646520
1;100143734;ODQ;5901.0;ODEUR (QUALITATIF);Odeur (qualitatif);;O;L;Aucun changement anormal;SANS OBJET;X;;;0.0;;100152800.0;RESULTATS;DIS_RESULT_2025.txt;;VALSERHONE;;nan;nan;;;;;;;nan;;;;;;;;qualite_eau_2025;2026-05-05T10:43:01.019648;1001015;1033;2025-01-14;10h22;Eau d'alimentation conforme aux exigences de qualit脙漏 en vigueur pour l'ensemble des param脙篓tres mesur脙漏s.;C;C;CC TERRE VALSERHONE (CCTV);CC TERRE VALSERHONE - REGIE DES EAUX;CC TERRE VALSERHONE - REGIE DES EAUX;;;6d936c37;OK;2026-05-06T09:24:10.646520
1;100143734;PH;1302.0;PH;pH;;N;T;7,60;unit脙漏 pH;264;;>=6,5 et <=9 unit脙漏 pH;7.6;;;RESULTATS;DIS_RESULT_2025.txt;;VALSERHONE;;nan;nan;;;;;;;nan;;;;;;;;qualite_eau_2025;2026-05-05T10:43:01.019648;1001015;1033;2025-01-14;10h22;Eau d'alimentation conforme aux exigences de qualit脙漏 en vigueur pour l'ensemble des param脙篓tres mesur脙漏s.;C;C;CC TERRE VALSERHONE (CCTV);CC TERRE VALSERHONE - REGIE DES EAUX;CC TERRE VALSERHONE - REGIE DES EAUX;;;5fac257d;OK;2026-05-06T09:24:10.646520
1;100143734;SAVQ;5902.0;SAVEUR (QUALITATIF);Saveur (qualitatif);;O;L;Aucun changement anormal;SANS OBJET;X;;;0.0;;100152800.0;RESULTATS;DIS_RESULT_2025.txt;;VALSERHONE;;nan;nan;;;;;;;nan;;;;;;;;qualite_eau_2025;2026-05-05T10:43:01.019648;1001015;1033;2025-01-14;10h22;Eau d'alimentation conforme aux exigences de qualit脙漏 en vigueur pour l'ensemble des param脙篓tres mesur脙漏s.;C;C;CC TERRE VALSERHONE (CCTV);CC TERRE VALSERHONE - REGIE DES EAUX;CC TERRE VALSERHONE - REGIE DES EAUX;;;3f0f236f;OK;2026-05-06T09:24:10.646520
1;100143734;STRF;6455.0;ENT脡ROCOQUES /100ML-MS;Ent脙漏rocoques /100ml-MS;;N;L;<1;n/(100mL);226;<=0 n/(100mL);;0.0;;100152800.0;RESULTATS;DIS_RESULT_2025.txt;;VALSERHONE;;nan;nan;;;;;;;nan;;;;;;;;qualite_eau_2025;2026-05-05T10:43:01.019648;1001015;1033;2025-01-14;10h22;Eau d'alimentation conforme aux exigences de qualit脙漏 en vigueur pour l'ensemble des param脙篓tres mesur脙漏s.;C;C;CC TERRE VALSERHONE (CCTV);CC TERRE VALSERHONE - REGIE DES EAUX;CC TERRE VALSERHONE - REGIE DES EAUX;;;d3f95aab;OK;2026-05-06T09:24:10.646520
